sku,inventory_qty
EQYBS03744-kvj6-28,30
EQYBS03744-kvj6-29,7
EQYBS03744-kvj6-30,4
EQYBS03744-kvj6-31,14
EQYBS03744-kvj6-32,6
EQYBS03744-kvj6-33,21
EQYBS03744-kvj6-34,6
EQYBS03744-kvj6-36,3
EQYBS03744-kvj6-38,10
EQYBS03744-kvj6-40,15
EQYBS03744-bsg6-28,11
EQYBS03744-bsg6-29,3
EQYBS03744-bsg6-30,17
EQYBS03744-bsg6-31,21
EQYBS03744-bsg6-32,26
EQYBS03744-bsg6-33,12
EQYBS03744-bsg6-34,10
EQYBS03744-bsg6-36,11
EQYBS03744-bsg6-38,4
EQYBS03744-bsg6-40,14
EQYBS03573-bpb6-28,28
EQYBS03573-bpb6-29,18
EQYBS03573-bpb6-30,21
EQYBS03573-bpb6-31,10
EQYBS03573-bpb6-32,2
EQYBS03573-bpb6-33,0
EQYBS03573-bpb6-34,0
EQYBS03573-bpb6-36,14
EQYBS03573-bpb6-38,16
EQYBS03573-bpb6-40,3
EQYBS03573-bmm6-28,24
EQYBS03573-bmm6-29,28
EQYBS03573-bmm6-30,26
EQYBS03573-bmm6-31,1
EQYBS03573-bmm6-32,24
EQYBS03573-bmm6-33,0
EQYBS03573-bmm6-34,26
EQYBS03573-bmm6-36,28
EQYBS03573-bmm6-38,22
EQYBS03573-bmm6-40,14
EQYBS03573-ggg6-28,2
EQYBS03573-ggg6-29,19
EQYBS03573-ggg6-30,4
EQYBS03573-ggg6-31,20
EQYBS03573-ggg6-32,10
EQYBS03573-ggg6-33,0
EQYBS03573-ggg6-34,23
EQYBS03573-ggg6-36,26
EQYBS03573-ggg6-38,14
EQYBS03573-ggg6-40,21
EQYBS03573-kvj6-28,11
EQYBS03573-kvj6-29,29
EQYBS03573-kvj6-30,26
EQYBS03573-kvj6-31,5
EQYBS03573-kvj6-32,9
EQYBS03573-kvj6-33,7
EQYBS03573-kvj6-34,3
EQYBS03573-kvj6-36,17
EQYBS03573-kvj6-38,26
EQYBS03573-kvj6-40,2
EQYBS03573-bsg7-28,5
EQYBS03573-bsg7-29,17
EQYBS03573-bsg7-30,20
EQYBS03573-bsg7-31,20
EQYBS03573-bsg7-32,10
EQYBS03573-bsg7-33,4
EQYBS03573-bsg7-34,5
EQYBS03573-bsg7-36,22
EQYBS03573-bsg7-38,4
EQYBS03573-bsg7-40,14
EQYBS03573-bsg6-28,19
EQYBS03573-bsg6-29,8
EQYBS03573-bsg6-30,24
EQYBS03573-bsg6-31,2
EQYBS03573-bsg6-32,6
EQYBS03573-bsg6-33,17
EQYBS03573-bsg6-34,27
EQYBS03573-bsg6-36,25
EQYBS03573-bsg6-38,13
EQYBS03573-bsg6-40,23
EQYBS03573-bqs6-28,7
EQYBS03573-bqs6-29,1
EQYBS03573-bqs6-30,14
EQYBS03573-bqs6-31,11
EQYBS03573-bqs6-32,4
EQYBS03573-bqs6-33,24
EQYBS03573-bqs6-34,23
EQYBS03573-bqs6-36,7
EQYBS03573-bqs6-38,2
EQYBS03573-bqs6-40,4
EQYBS03573-kta6-28,27
EQYBS03573-kta6-29,16
EQYBS03573-kta6-30,3
EQYBS03573-kta6-31,12
EQYBS03573-kta6-32,9
EQYBS03573-kta6-33,8
EQYBS03573-kta6-34,1
EQYBS03573-kta6-36,7
EQYBS03573-kta6-38,14
EQYBS03573-kta6-40,0
EQYBS03573-rqr6-28,20
EQYBS03573-rqr6-29,29
EQYBS03573-rqr6-30,24
EQYBS03573-rqr6-31,5
EQYBS03573-rqr6-32,6
EQYBS03573-rqr6-33,30
EQYBS03573-rqr6-34,0
EQYBS03573-rqr6-36,27
EQYBS03573-rqr6-38,15
EQYBS03573-rqr6-40,21
EQYBS03573-bqk6-28,5
EQYBS03573-bqk6-29,9
EQYBS03573-bqk6-30,29
EQYBS03573-bqk6-31,3
EQYBS03573-bqk6-32,17
EQYBS03573-bqk6-33,25
EQYBS03573-bqk6-34,4
EQYBS03573-bqk6-36,14
EQYBS03573-bqk6-38,28
EQYBS03573-bqk6-40,2
EQYBS03573-bsw6-28,27
EQYBS03573-bsw6-29,11
EQYBS03573-bsw6-30,29
EQYBS03573-bsw6-31,3
EQYBS03573-bsw6-32,7
EQYBS03573-bsw6-33,0
EQYBS03573-bsw6-34,4
EQYBS03573-bsw6-36,27
EQYBS03573-bsw6-38,7
EQYBS03573-bsw6-40,5
EQYBS03573-bnf6-28,18
EQYBS03573-bnf6-29,0
EQYBS03573-bnf6-30,9
EQYBS03573-bnf6-31,30
EQYBS03573-bnf6-32,4
EQYBS03573-bnf6-33,27
EQYBS03573-bnf6-34,8
EQYBS03573-bnf6-36,9
EQYBS03573-bnf6-38,23
EQYBS03573-bnf6-40,2
EQYBS03573-kze6-28,30
EQYBS03573-kze6-29,19
EQYBS03573-kze6-30,0
EQYBS03573-kze6-31,27
EQYBS03573-kze6-32,8
EQYBS03573-kze6-33,22
EQYBS03573-kze6-34,13
EQYBS03573-kze6-36,18
EQYBS03573-kze6-38,19
EQYBS03573-kze6-40,24
EQYBS03600-byj6-28,18
EQYBS03600-byj6-29,26
EQYBS03600-byj6-30,27
EQYBS03600-byj6-31,16
EQYBS03600-byj6-32,22
EQYBS03600-byj6-33,14
EQYBS03600-byj6-34,14
EQYBS03600-byj6-36,17
EQYBS03600-byj6-38,6
EQYBS03600-byj6-40,12
EQYBS03600-kvj6-28,24
EQYBS03600-kvj6-29,13
EQYBS03600-kvj6-30,2
EQYBS03600-kvj6-31,20
EQYBS03600-kvj6-32,19
EQYBS03600-kvj6-33,25
EQYBS03600-kvj6-34,17
EQYBS03600-kvj6-36,0
EQYBS03600-kvj6-38,12
EQYBS03600-kvj6-40,16
EQYBS03571-kvj0-28,17
EQYBS03571-kvj0-29,7
EQYBS03571-kvj0-30,7
EQYBS03571-kvj0-31,4
EQYBS03571-kvj0-32,15
EQYBS03571-kvj0-33,5
EQYBS03571-kvj0-34,24
EQYBS03571-kvj0-36,19
EQYBS03571-kvj0-38,28
EQYBS03571-kvj0-40,5
EQYBS03571-wbb0-28,30
EQYBS03571-wbb0-29,16
EQYBS03571-wbb0-30,16
EQYBS03571-wbb0-31,17
EQYBS03571-wbb0-32,21
EQYBS03571-wbb0-33,26
EQYBS03571-wbb0-34,8
EQYBS03571-wbb0-36,1
EQYBS03571-wbb0-38,22
EQYBS03571-wbb0-40,13
EQYBS03766-rsr0-28,9
EQYBS03766-rsr0-29,3
EQYBS03766-rsr0-30,27
EQYBS03766-rsr0-31,13
EQYBS03766-rsr0-32,18
EQYBS03766-rsr0-33,24
EQYBS03766-rsr0-34,24
EQYBS03766-rsr0-36,23
EQYBS03766-rsr0-38,3
EQYBS03766-rsr0-40,1
EQYBS03766-kvj0-28,4
EQYBS03766-kvj0-29,18
EQYBS03766-kvj0-30,7
EQYBS03766-kvj0-31,13
EQYBS03766-kvj0-32,7
EQYBS03766-kvj0-33,13
EQYBS03766-kvj0-34,28
EQYBS03766-kvj0-36,24
EQYBS03766-kvj0-38,27
EQYBS03766-kvj0-40,11
EQYBS03764-byj6-28,5
EQYBS03764-byj6-29,2
EQYBS03764-byj6-30,28
EQYBS03764-byj6-31,28
EQYBS03764-byj6-32,18
EQYBS03764-byj6-33,25
EQYBS03764-byj6-34,14
EQYBS03764-byj6-36,10
EQYBS03764-byj6-38,15
EQYBS03764-byj6-40,22
EQYBS03764-bmm6-28,5
EQYBS03764-bmm6-29,28
EQYBS03764-bmm6-30,29
EQYBS03764-bmm6-31,22
EQYBS03764-bmm6-32,5
EQYBS03764-bmm6-33,2
EQYBS03764-bmm6-34,18
EQYBS03764-bmm6-36,14
EQYBS03764-bmm6-38,14
EQYBS03764-bmm6-40,14
EQYBS03764-gsq6-28,25
EQYBS03764-gsq6-29,11
EQYBS03764-gsq6-30,11
EQYBS03764-gsq6-31,21
EQYBS03764-gsq6-32,4
EQYBS03764-gsq6-33,6
EQYBS03764-gsq6-34,25
EQYBS03764-gsq6-36,10
EQYBS03764-gsq6-38,24
EQYBS03764-gsq6-40,7
EQYBS03764-bla6-28,15
EQYBS03764-bla6-29,2
EQYBS03764-bla6-30,9
EQYBS03764-bla6-31,9
EQYBS03764-bla6-32,8
EQYBS03764-bla6-33,7
EQYBS03764-bla6-34,20
EQYBS03764-bla6-36,1
EQYBS03764-bla6-38,0
EQYBS03764-bla6-40,29
EQYBS03764-kvj6-28,16
EQYBS03764-kvj6-29,4
EQYBS03764-kvj6-30,9
EQYBS03764-kvj6-31,22
EQYBS03764-kvj6-32,20
EQYBS03764-kvj6-33,0
EQYBS03764-kvj6-34,12
EQYBS03764-kvj6-36,24
EQYBS03764-kvj6-38,11
EQYBS03764-kvj6-40,5
EQYBS03592-kvj0-28,24
EQYBS03592-kvj0-29,23
EQYBS03592-kvj0-30,29
EQYBS03592-kvj0-31,15
EQYBS03592-kvj0-32,5
EQYBS03592-kvj0-33,15
EQYBS03592-kvj0-34,15
EQYBS03592-kvj0-36,29
EQYBS03592-kvj0-38,10
EQYBS03592-kvj0-40,11
EQYBS03592-rqr0-28,23
EQYBS03592-rqr0-29,3
EQYBS03592-rqr0-30,9
EQYBS03592-rqr0-31,21
EQYBS03592-rqr0-32,27
EQYBS03592-rqr0-33,24
EQYBS03592-rqr0-34,28
EQYBS03592-rqr0-36,4
EQYBS03592-rqr0-38,10
EQYBS03592-rqr0-40,8
EQYBS03592-bms0-28,21
EQYBS03592-bms0-29,25
EQYBS03592-bms0-30,25
EQYBS03592-bms0-31,3
EQYBS03592-bms0-32,1
EQYBS03592-bms0-33,24
EQYBS03592-bms0-34,13
EQYBS03592-bms0-36,6
EQYBS03592-bms0-38,18
EQYBS03592-bms0-40,5
EQYBS03592-byj0-28,20
EQYBS03592-byj0-29,21
EQYBS03592-byj0-30,0
EQYBS03592-byj0-31,26
EQYBS03592-byj0-32,4
EQYBS03592-byj0-33,9
EQYBS03592-byj0-34,12
EQYBS03592-byj0-36,21
EQYBS03592-byj0-38,23
EQYBS03592-byj0-40,16
EQYBS03740-kta6-28,12
EQYBS03740-kta6-29,8
EQYBS03740-kta6-30,22
EQYBS03740-kta6-31,12
EQYBS03740-kta6-32,15
EQYBS03740-kta6-33,15
EQYBS03740-kta6-34,23
EQYBS03740-kta6-36,3
EQYBS03740-kta6-38,3
EQYBS03740-kta6-40,25
EQYBS03740-kvj6-28,25
EQYBS03740-kvj6-29,0
EQYBS03740-kvj6-30,16
EQYBS03740-kvj6-31,18
EQYBS03740-kvj6-32,14
EQYBS03740-kvj6-33,0
EQYBS03740-kvj6-34,26
EQYBS03740-kvj6-36,27
EQYBS03740-kvj6-38,10
EQYBS03740-kvj6-40,3
EQYBS03756-bsw6-28,14
EQYBS03756-bsw6-29,2
EQYBS03756-bsw6-30,15
EQYBS03756-bsw6-31,16
EQYBS03756-bsw6-32,15
EQYBS03756-bsw6-33,5
EQYBS03756-bsw6-34,0
EQYBS03756-bsw6-36,7
EQYBS03756-bsw6-38,11
EQYBS03756-bsw6-40,30
EQYBS03756-bhf6-28,24
EQYBS03756-bhf6-29,29
EQYBS03756-bhf6-30,27
EQYBS03756-bhf6-31,27
EQYBS03756-bhf6-32,5
EQYBS03756-bhf6-33,8
EQYBS03756-bhf6-34,28
EQYBS03756-bhf6-36,19
EQYBS03756-bhf6-38,2
EQYBS03756-bhf6-40,20
EQYBS03756-rsr6-28,5
EQYBS03756-rsr6-29,6
EQYBS03756-rsr6-30,18
EQYBS03756-rsr6-31,20
EQYBS03756-rsr6-32,13
EQYBS03756-rsr6-33,4
EQYBS03756-rsr6-34,16
EQYBS03756-rsr6-36,23
EQYBS03756-rsr6-38,22
EQYBS03756-rsr6-40,28
EQYBS03779-bsw6-28,1
EQYBS03779-bsw6-29,12
EQYBS03779-bsw6-30,15
EQYBS03779-bsw6-31,13
EQYBS03779-bsw6-32,16
EQYBS03779-bsw6-33,13
EQYBS03779-bsw6-34,19
EQYBS03779-bsw6-36,20
EQYBS03779-bsw6-38,26
EQYBS03779-bsw6-40,29
EQYBS03779-kze6-28,14
EQYBS03779-kze6-29,27
EQYBS03779-kze6-30,23
EQYBS03779-kze6-31,7
EQYBS03779-kze6-32,23
EQYBS03779-kze6-33,29
EQYBS03779-kze6-34,23
EQYBS03779-kze6-36,26
EQYBS03779-kze6-38,29
EQYBS03779-kze6-40,7
EQYBS03838-brq6-28,5
EQYBS03838-brq6-29,7
EQYBS03838-brq6-30,9
EQYBS03838-brq6-31,22
EQYBS03838-brq6-32,24
EQYBS03838-brq6-33,3
EQYBS03838-brq6-34,20
EQYBS03838-brq6-36,5
EQYBS03838-brq6-38,8
EQYBS03838-brq6-40,3
EQYBS03838-szp6-28,26
EQYBS03838-szp6-29,25
EQYBS03838-szp6-30,7
EQYBS03838-szp6-31,24
EQYBS03838-szp6-32,13
EQYBS03838-szp6-33,7
EQYBS03838-szp6-34,17
EQYBS03838-szp6-36,6
EQYBS03838-szp6-38,22
EQYBS03838-szp6-40,25
EQYBS03838-gnr6-28,18
EQYBS03838-gnr6-29,3
EQYBS03838-gnr6-30,2
EQYBS03838-gnr6-31,12
EQYBS03838-gnr6-32,22
EQYBS03838-gnr6-33,4
EQYBS03838-gnr6-34,19
EQYBS03838-gnr6-36,5
EQYBS03838-gnr6-38,29
EQYBS03838-gnr6-40,13
EQYBS03774-kvj6-28,10
EQYBS03774-kvj6-29,15
EQYBS03774-kvj6-30,10
EQYBS03774-kvj6-31,28
EQYBS03774-kvj6-32,1
EQYBS03774-kvj6-33,6
EQYBS03774-kvj6-34,9
EQYBS03774-kvj6-36,11
EQYBS03774-kvj6-38,24
EQYBS03774-kvj6-40,14
EQYBS03774-kta6-28,1
EQYBS03774-kta6-29,15
EQYBS03774-kta6-30,19
EQYBS03774-kta6-31,0
EQYBS03774-kta6-32,20
EQYBS03774-kta6-33,9
EQYBS03774-kta6-34,26
EQYBS03774-kta6-36,12
EQYBS03774-kta6-38,14
EQYBS03774-kta6-40,16
EQYBS03774-kze6-28,24
EQYBS03774-kze6-29,10
EQYBS03774-kze6-30,16
EQYBS03774-kze6-31,18
EQYBS03774-kze6-32,29
EQYBS03774-kze6-33,4
EQYBS03774-kze6-34,28
EQYBS03774-kze6-36,17
EQYBS03774-kze6-38,29
EQYBS03774-kze6-40,0
EQYBS03768-kvj6-28,23
EQYBS03768-kvj6-29,12
EQYBS03768-kvj6-30,22
EQYBS03768-kvj6-31,11
EQYBS03768-kvj6-32,29
EQYBS03768-kvj6-33,10
EQYBS03768-kvj6-34,29
EQYBS03768-kvj6-36,26
EQYBS03768-kvj6-38,27
EQYBS03768-kvj6-40,4
EQYBS03783-bhf6-28,7
EQYBS03783-bhf6-29,2
EQYBS03783-bhf6-30,8
EQYBS03783-bhf6-31,26
EQYBS03783-bhf6-32,4
EQYBS03783-bhf6-33,25
EQYBS03783-bhf6-34,6
EQYBS03783-bhf6-36,23
EQYBS03783-bhf6-38,2
EQYBS03783-bhf6-40,1
EQYBS03783-kvj6-28,7
EQYBS03783-kvj6-29,15
EQYBS03783-kvj6-30,24
EQYBS03783-kvj6-31,6
EQYBS03783-kvj6-32,23
EQYBS03783-kvj6-33,16
EQYBS03783-kvj6-34,27
EQYBS03783-kvj6-36,7
EQYBS03783-kvj6-38,14
EQYBS03783-kvj6-40,1
EQYJV03183-gnr0-28,27
EQYJV03183-gnr0-29,10
EQYJV03183-gnr0-30,18
EQYJV03183-gnr0-31,6
EQYJV03183-gnr0-32,29
EQYJV03183-gnr0-33,15
EQYJV03183-gnr0-34,12
EQYJV03183-gnr0-36,13
EQYJV03183-gnr0-38,3
EQYJV03183-gnr0-40,5
EQYJV03183-kvj0-28,29
EQYJV03183-kvj0-29,23
EQYJV03183-kvj0-30,2
EQYJV03183-kvj0-31,6
EQYJV03183-kvj0-32,3
EQYJV03183-kvj0-33,1
EQYJV03183-kvj0-34,1
EQYJV03183-kvj0-36,17
EQYJV03183-kvj0-38,27
EQYJV03183-kvj0-40,8
EQYJV03183-byj0-28,19
EQYJV03183-byj0-29,0
EQYJV03183-byj0-30,29
EQYJV03183-byj0-31,23
EQYJV03183-byj0-32,18
EQYJV03183-byj0-33,2
EQYJV03183-byj0-34,26
EQYJV03183-byj0-36,1
EQYJV03183-byj0-38,1
EQYJV03183-byj0-40,14
EQMBS03006-gqm0-28,24
EQMBS03006-gqm0-29,19
EQMBS03006-gqm0-30,19
EQMBS03006-gqm0-31,16
EQMBS03006-gqm0-32,1
EQMBS03006-gqm0-33,0
EQMBS03006-gqm0-34,30
EQMBS03006-gqm0-36,19
EQMBS03006-gqm0-38,25
EQMBS03006-gqm0-40,27
EQMBS03006-blk-28,24
EQMBS03006-blk-29,11
EQMBS03006-blk-30,12
EQMBS03006-blk-31,29
EQMBS03006-blk-32,11
EQMBS03006-blk-33,18
EQMBS03006-blk-34,13
EQMBS03006-blk-36,1
EQMBS03006-blk-38,1
EQMBS03006-blk-40,15
EQYBS03811-csn6-28,7
EQYBS03811-csn6-29,28
EQYBS03811-csn6-30,1
EQYBS03811-csn6-31,8
EQYBS03811-csn6-32,12
EQYBS03811-csn6-33,12
EQYBS03811-csn6-34,9
EQYBS03811-csn6-36,2
EQYBS03811-csn6-38,11
EQYBS03811-csn6-40,19
EQYBS03761-kvj0-28,5
EQYBS03761-kvj0-29,17
EQYBS03761-kvj0-30,16
EQYBS03761-kvj0-31,0
EQYBS03761-kvj0-32,9
EQYBS03761-kvj0-33,25
EQYBS03761-kvj0-34,17
EQYBS03761-kvj0-36,22
EQYBS03761-kvj0-38,8
EQYBS03761-kvj0-40,17
EQYBS03777-kta6-28,11
EQYBS03777-kta6-29,22
EQYBS03777-kta6-30,9
EQYBS03777-kta6-31,2
EQYBS03777-kta6-32,26
EQYBS03777-kta6-33,9
EQYBS03777-kta6-34,26
EQYBS03777-kta6-36,2
EQYBS03777-kta6-38,11
EQYBS03777-kta6-40,27
EQYBS03835-kze6-28,29
EQYBS03835-kze6-29,2
EQYBS03835-kze6-30,21
EQYBS03835-kze6-31,30
EQYBS03835-kze6-32,28
EQYBS03835-kze6-33,20
EQYBS03835-kze6-34,7
EQYBS03835-kze6-36,23
EQYBS03835-kze6-38,25
EQYBS03835-kze6-40,15
EQYBS03835-cph6-28,26
EQYBS03835-cph6-29,2
EQYBS03835-cph6-30,6
EQYBS03835-cph6-31,19
EQYBS03835-cph6-32,3
EQYBS03835-cph6-33,3
EQYBS03835-cph6-34,19
EQYBS03835-cph6-36,8
EQYBS03835-cph6-38,4
EQYBS03835-cph6-40,22
EQMJV03006-blm0-28,26
EQMJV03006-blm0-29,23
EQMJV03006-blm0-30,12
EQMJV03006-blm0-31,30
EQMJV03006-blm0-32,8
EQMJV03006-blm0-33,10
EQMJV03006-blm0-34,13
EQMJV03006-blm0-36,21
EQMJV03006-blm0-38,5
EQMJV03006-blm0-40,10
EQMJV03006-kvj0-28,24
EQMJV03006-kvj0-29,29
EQMJV03006-kvj0-30,0
EQMJV03006-kvj0-31,26
EQMJV03006-kvj0-32,11
EQMJV03006-kvj0-33,5
EQMJV03006-kvj0-34,26
EQMJV03006-kvj0-36,19
EQMJV03006-kvj0-38,26
EQMJV03006-kvj0-40,15
EQMJV03006-gqm0-28,29
EQMJV03006-gqm0-29,8
EQMJV03006-gqm0-30,28
EQMJV03006-gqm0-31,28
EQMJV03006-gqm0-32,6
EQMJV03006-gqm0-33,21
EQMJV03006-gqm0-34,26
EQMJV03006-gqm0-36,20
EQMJV03006-gqm0-38,21
EQMJV03006-gqm0-40,27
EQMJV03006-blk-28,13
EQMJV03006-blk-29,30
EQMJV03006-blk-30,1
EQMJV03006-blk-31,11
EQMJV03006-blk-32,29
EQMJV03006-blk-33,14
EQMJV03006-blk-34,11
EQMJV03006-blk-36,25
EQMJV03006-blk-38,4
EQMJV03006-blk-40,11
EQMJV03006-bnm0-28,14
EQMJV03006-bnm0-29,19
EQMJV03006-bnm0-30,14
EQMJV03006-bnm0-31,0
EQMJV03006-bnm0-32,25
EQMJV03006-bnm0-33,19
EQMJV03006-bnm0-34,3
EQMJV03006-bnm0-36,16
EQMJV03006-bnm0-38,18
EQMJV03006-bnm0-40,11
EQMJV03006-krd0-28,4
EQMJV03006-krd0-29,17
EQMJV03006-krd0-30,21
EQMJV03006-krd0-31,27
EQMJV03006-krd0-32,6
EQMJV03006-krd0-33,5
EQMJV03006-krd0-34,17
EQMJV03006-krd0-36,24
EQMJV03006-krd0-38,15
EQMJV03006-krd0-40,14
EQMJV03006-rqs0-28,5
EQMJV03006-rqs0-29,4
EQMJV03006-rqs0-30,15
EQMJV03006-rqs0-31,24
EQMJV03006-rqs0-32,27
EQMJV03006-rqs0-33,5
EQMJV03006-rqs0-34,5
EQMJV03006-rqs0-36,0
EQMJV03006-rqs0-38,2
EQMJV03006-rqs0-40,6
EQYBS03785-brc6-28,9
EQYBS03785-brc6-29,28
EQYBS03785-brc6-30,14
EQYBS03785-brc6-31,7
EQYBS03785-brc6-32,24
EQYBS03785-brc6-33,27
EQYBS03785-brc6-34,13
EQYBS03785-brc6-36,21
EQYBS03785-brc6-38,20
EQYBS03785-brc6-40,8
EQYBS03487-rqr0-28,18
EQYBS03487-rqr0-29,29
EQYBS03487-rqr0-30,13
EQYBS03487-rqr0-31,22
EQYBS03487-rqr0-32,27
EQYBS03487-rqr0-33,23
EQYBS03487-rqr0-34,20
EQYBS03487-rqr0-36,9
EQYBS03487-rqr0-38,5
EQYBS03487-rqr0-40,8
EQYBS03487-byj0-28,17
EQYBS03487-byj0-29,11
EQYBS03487-byj0-30,30
EQYBS03487-byj0-31,22
EQYBS03487-byj0-32,11
EQYBS03487-byj0-33,18
EQYBS03487-byj0-34,15
EQYBS03487-byj0-36,10
EQYBS03487-byj0-38,20
EQYBS03487-byj0-40,8
EQYBS03487-kvj0-28,3
EQYBS03487-kvj0-29,8
EQYBS03487-kvj0-30,11
EQYBS03487-kvj0-31,17
EQYBS03487-kvj0-32,11
EQYBS03487-kvj0-33,11
EQYBS03487-kvj0-34,27
EQYBS03487-kvj0-36,6
EQYBS03487-kvj0-38,10
EQYBS03487-kvj0-40,1
EQYBS03575-bpb6-28,4
EQYBS03575-bpb6-29,11
EQYBS03575-bpb6-30,23
EQYBS03575-bpb6-31,22
EQYBS03575-bpb6-32,19
EQYBS03575-bpb6-33,28
EQYBS03575-bpb6-34,0
EQYBS03575-bpb6-36,19
EQYBS03575-bpb6-38,20
EQYBS03575-bpb6-40,0
EQYBS03575-bek6-28,3
EQYBS03575-bek6-29,5
EQYBS03575-bek6-30,26
EQYBS03575-bek6-31,0
EQYBS03575-bek6-32,26
EQYBS03575-bek6-33,27
EQYBS03575-bek6-34,0
EQYBS03575-bek6-36,0
EQYBS03575-bek6-38,19
EQYBS03575-bek6-40,8
EQYBS03575-nnj6-28,11
EQYBS03575-nnj6-29,20
EQYBS03575-nnj6-30,14
EQYBS03575-nnj6-31,7
EQYBS03575-nnj6-32,13
EQYBS03575-nnj6-33,18
EQYBS03575-nnj6-34,3
EQYBS03575-nnj6-36,23
EQYBS03575-nnj6-38,13
EQYBS03575-nnj6-40,13
EQYBS03575-bqs6-28,13
EQYBS03575-bqs6-29,8
EQYBS03575-bqs6-30,13
EQYBS03575-bqs6-31,21
EQYBS03575-bqs6-32,14
EQYBS03575-bqs6-33,5
EQYBS03575-bqs6-34,18
EQYBS03575-bqs6-36,14
EQYBS03575-bqs6-38,19
EQYBS03575-bqs6-40,30
EQYBS03575-kvj6-28,14
EQYBS03575-kvj6-29,15
EQYBS03575-kvj6-30,6
EQYBS03575-kvj6-31,3
EQYBS03575-kvj6-32,9
EQYBS03575-kvj6-33,4
EQYBS03575-kvj6-34,5
EQYBS03575-kvj6-36,22
EQYBS03575-kvj6-38,26
EQYBS03575-kvj6-40,5
EQYBS03575-brq6-28,29
EQYBS03575-brq6-29,29
EQYBS03575-brq6-30,0
EQYBS03575-brq6-31,11
EQYBS03575-brq6-32,25
EQYBS03575-brq6-33,16
EQYBS03575-brq6-34,16
EQYBS03575-brq6-36,20
EQYBS03575-brq6-38,21
EQYBS03575-brq6-40,16
EQYBS03575-bhf6-28,7
EQYBS03575-bhf6-29,21
EQYBS03575-bhf6-30,17
EQYBS03575-bhf6-31,21
EQYBS03575-bhf6-32,22
EQYBS03575-bhf6-33,14
EQYBS03575-bhf6-34,29
EQYBS03575-bhf6-36,11
EQYBS03575-bhf6-38,0
EQYBS03575-bhf6-40,24
EQYBS03575-kta6-28,12
EQYBS03575-kta6-29,22
EQYBS03575-kta6-30,17
EQYBS03575-kta6-31,9
EQYBS03575-kta6-32,25
EQYBS03575-kta6-33,18
EQYBS03575-kta6-34,8
EQYBS03575-kta6-36,5
EQYBS03575-kta6-38,17
EQYBS03575-kta6-40,26
EQYBS03575-yjd6-28,9
EQYBS03575-yjd6-29,21
EQYBS03575-yjd6-30,9
EQYBS03575-yjd6-31,22
EQYBS03575-yjd6-32,22
EQYBS03575-yjd6-33,22
EQYBS03575-yjd6-34,15
EQYBS03575-yjd6-36,7
EQYBS03575-yjd6-38,7
EQYBS03575-yjd6-40,20
EQYBS03575-rrd6-28,22
EQYBS03575-rrd6-29,2
EQYBS03575-rrd6-30,7
EQYBS03575-rrd6-31,11
EQYBS03575-rrd6-32,21
EQYBS03575-rrd6-33,22
EQYBS03575-rrd6-34,17
EQYBS03575-rrd6-36,16
EQYBS03575-rrd6-38,23
EQYBS03575-rrd6-40,1
EQYBS03575-bnf6-28,29
EQYBS03575-bnf6-29,26
EQYBS03575-bnf6-30,1
EQYBS03575-bnf6-31,9
EQYBS03575-bnf6-32,3
EQYBS03575-bnf6-33,13
EQYBS03575-bnf6-34,11
EQYBS03575-bnf6-36,25
EQYBS03575-bnf6-38,8
EQYBS03575-bnf6-40,29
EQYBS03575-szr6-28,13
EQYBS03575-szr6-29,4
EQYBS03575-szr6-30,20
EQYBS03575-szr6-31,17
EQYBS03575-szr6-32,23
EQYBS03575-szr6-33,8
EQYBS03575-szr6-34,9
EQYBS03575-szr6-36,28
EQYBS03575-szr6-38,9
EQYBS03575-szr6-40,10
EQYBS03575-mkm6-28,11
EQYBS03575-mkm6-29,28
EQYBS03575-mkm6-30,17
EQYBS03575-mkm6-31,30
EQYBS03575-mkm6-32,8
EQYBS03575-mkm6-33,29
EQYBS03575-mkm6-34,28
EQYBS03575-mkm6-36,25
EQYBS03575-mkm6-38,26
EQYBS03575-mkm6-40,1
EQYBS03595-kvj6-28,7
EQYBS03595-kvj6-29,4
EQYBS03595-kvj6-30,12
EQYBS03595-kvj6-31,29
EQYBS03595-kvj6-32,20
EQYBS03595-kvj6-33,26
EQYBS03595-kvj6-34,3
EQYBS03595-kvj6-36,23
EQYBS03595-kvj6-38,15
EQYBS03595-kvj6-40,13
EQYBS03595-bsw6-28,26
EQYBS03595-bsw6-29,12
EQYBS03595-bsw6-30,13
EQYBS03595-bsw6-31,21
EQYBS03595-bsw6-32,3
EQYBS03595-bsw6-33,5
EQYBS03595-bsw6-34,10
EQYBS03595-bsw6-36,7
EQYBS03595-bsw6-38,20
EQYBS03595-bsw6-40,17
EQYBS03595-bsg6-28,29
EQYBS03595-bsg6-29,27
EQYBS03595-bsg6-30,3
EQYBS03595-bsg6-31,22
EQYBS03595-bsg6-32,10
EQYBS03595-bsg6-33,16
EQYBS03595-bsg6-34,26
EQYBS03595-bsg6-36,18
EQYBS03595-bsg6-38,23
EQYBS03595-bsg6-40,0
EQMBS03009-sla0-28,18
EQMBS03009-sla0-29,24
EQMBS03009-sla0-30,19
EQMBS03009-sla0-31,0
EQMBS03009-sla0-32,1
EQMBS03009-sla0-33,29
EQMBS03009-sla0-34,9
EQMBS03009-sla0-36,14
EQMBS03009-sla0-38,9
EQMBS03009-sla0-40,20
